Block	Gene1	Chr1	Start1	End1	Gene2	Chr2	Start2	End2	Orientation
15	AT1G62590	1	23176930	23179248	AT1G63400	1	23507320	23509053	-
15	AT1G62610	1	23181463	23183227	AT1G63380	1	23505582	23506504	-
15	AT1G62620	1	23182644	23184991	AT1G63370	1	23503205	23505358	-
15	AT1G62630	1	23185912	23188593	AT1G63350	1	23494935	23497631	-
15	AT1G62670	1	23204773	23206665	AT1G63320	1	23488884	23489530	-
15	AT1G62910	1	23299057	23303162	AT1G63130	1	23412730	23415149	-
74	AT1G66000	1	24574344	24575438	AT5G37410	5	14836661	14838508	+
74	AT1G66060	1	24593915	24595544	AT5G37460	5	14858494	14860362	+
74	AT1G66070	1	24595886	24598518	AT5G37475	5	14866057	14868741	+
74	AT1G66160	1	24637196	24638608	AT5G37490	5	14887478	14889151	+
74	AT1G66180	1	24647188	24648813	AT5G37540	5	14912835	14914431	+
74	AT1G66190	1	24652795	24653938	AT5G37550	5	14918901	14919868	+
74	AT1G66200	1	24655210	24657638	AT5G37600	5	14933336	14935841	+
74	AT1G66260	1	24695640	24698434	AT5G37720	5	14981638	14984606	+
74	AT1G66360	1	24751377	24752834	AT5G37740	5	14992005	14993671	+
74	AT1G66400	1	24770575	24771371	AT5G37770	5	14998854	14999619	+
74	AT1G66410	1	24774217	24775900	AT5G37780	5	15004527	15006205	+
74	AT1G66460	1	24789735	24791988	AT5G37790	5	15008172	15011152	+
74	AT1G66470	1	24795214	24796988	AT5G37800	5	15036197	15037574	+
74	AT1G66480	1	24805635	24807557	AT5G37840	5	15062008	15063402	+
74	AT1G66610	1	24849716	24851450	AT5G37870	5	15073764	15074851	+
74	AT1G66700	1	24873291	24874758	AT5G38100	5	15199489	15201185	+
74	AT1G66740	1	24892340	24893766	AT5G38110	5	15208470	15210215	+
74	AT1G66840	1	24933998	24936116	AT5G38150	5	15223116	15224947	+
74	AT1G66850	1	24936958	24937434	AT5G38160	5	15225767	15226208	+
74	AT1G66860	1	24942188	24944497	AT5G38200	5	15256276	15258755	+
74	AT1G66880	1	24946928	24955611	AT5G38210	5	15261005	15265630	+
74	AT1G66900	1	24959334	24961616	AT5G38220	5	15268827	15271386	+
74	AT1G66980	1	24997309	25001961	AT5G38240	5	15277239	15279317	+
74	AT1G67000	1	25004109	25007647	AT5G38250	5	15280643	15282709	+
74	AT1G67035	1	25018173	25018964	AT5G38300	5	15305932	15307008	+
74	AT1G67050	1	25028627	25029788	AT5G38320	5	15316015	15316834	+
74	AT1G67090	1	25048158	25049424	AT5G38410	5	15377173	15378416	+
74	AT1G67110	1	25061731	25065446	AT5G38450	5	15393754	15397279	+
74	AT1G67210	1	25140815	25144043	AT5G38600	5	15456595	15460767	+
74	AT1G67250	1	25163642	25165056	AT5G38650	5	15470961	15472815	+
74	AT1G67270	1	25183177	25185939	AT5G38690	5	15479177	15483250	+
75	AT1G63300	1	23482193	23486220	AT5G41140	5	16468447	16472810	+
75	AT1G63400	1	23507320	23509053	AT5G41170	5	16478486	16480584	+
75	AT1G63430	1	23522608	23526770	AT5G41180	5	16483871	16487426	+
75	AT1G63450	1	23531409	23534569	AT5G41250	5	16501217	16502902	+
75	AT1G63500	1	23555686	23558899	AT5G41260	5	16503774	16507475	+
75	AT1G63550	1	23569538	23571107	AT5G41280	5	16509509	16510929	+
75	AT1G63580	1	23577333	23578254	AT5G41290	5	16512326	16513500	+
75	AT1G63640	1	23589043	23595821	AT5G41310	5	16516634	16522392	+
75	AT1G63650	1	23599505	23602902	AT5G41315	5	16529455	16532879	+
75	AT1G63800	1	23667616	23669080	AT5G41340	5	16538081	16540130	+
75	AT1G63820	1	23682422	23684367	AT5G41380	5	16561278	16563732	+
75	AT1G63830	1	23685199	23687322	AT5G41390	5	16565303	16567483	+
75	AT1G63840	1	23689697	23690807	AT5G41400	5	16569377	16570177	+
75	AT1G64000	1	23747304	23749053	AT5G41570	5	16624214	16625977	+
75	AT1G64090	1	23789309	23790922	AT5G41600	5	16636130	16637693	+
75	AT1G64170	1	23815239	23818293	AT5G41610	5	16638370	16641728	+
75	AT1G64180	1	23821516	23824359	AT5G41620	5	16646330	16648968	+
75	AT1G64185	1	23824514	23825383	AT5G41650	5	16654913	16655810	+
75	AT1G64190	1	23825328	23827136	AT5G41670	5	16665283	16667171	+
75	AT1G64210	1	23831033	23832863	AT5G41680	5	16667885	16669489	+
75	AT1G64220	1	23833088	23833321	AT5G41685	5	16669149	16669723	+
75	AT1G64230	1	23833551	23835536	AT5G41700	5	16675778	16677509	+
75	AT1G64290	1	23857178	23858488	AT5G41720	5	16683165	16683942	+
75	AT1G64300	1	23863066	23866045	AT5G41730	5	16684914	16687145	+
75	AT1G64320	1	23869036	23870548	AT5G41780	5	16723075	16724833	+
75	AT1G64330	1	23870905	23874198	AT5G41790	5	16727530	16732847	+
75	AT1G64340	1	23878125	23881073	AT5G41810	5	16738062	16739663	+
75	AT1G64520	1	23956386	23958322	AT5G42040	5	16813835	16814749	+
76	AT1G07330	1	2251131	2253585	AT5G58880	5	23775966	23779504	+
76	AT1G07380	1	2264829	2268306	AT5G58980	5	23811449	23814683	+
76	AT1G07410	1	2276270	2277154	AT5G59150	5	23876586	23878429	+
76	AT1G07430	1	2280835	2282828	AT5G59220	5	23894404	23896619	+
76	AT1G07470	1	2291457	2294588	AT5G59230	5	23901555	23902379	+
76	AT1G07540	1	2318433	2321048	AT5G59430	5	23967313	23970945	+
76	AT1G07660	1	2368837	2369734	AT5G59690	5	24051552	24052143	+
76	AT1G07705	1	2381615	2386092	AT5G59710	5	24057407	24061918	+
76	AT1G07725	1	2394801	2397272	AT5G59730	5	24063877	24066170	+
76	AT1G07770	1	2408203	2409580	AT5G59850	5	24112200	24113617	+
76	AT1G07790	1	2412980	2413708	AT5G59910	5	24127128	24127935	+
76	AT1G07820	1	2421216	2421947	AT5G59970	5	24146175	24146726	+
76	AT1G07870	1	2429699	2432034	AT5G60080	5	24193181	24194909	+
77	AT1G30850	1	10985078	10986295	AT5G44660	5	18015810	18017177	+
77	AT1G30860	1	10986523	10989504	AT5G44690	5	18029338	18032293	+
77	AT1G30910	1	11000883	11002936	AT5G44720	5	18042971	18045496	+
77	AT1G31010	1	11054731	11056921	AT5G44785	5	18070681	18073129	+
77	AT1G31130	1	11114701	11116195	AT5G44860	5	18110458	18111812	+
77	AT1G31260	1	11175559	11177362	AT5G45105	5	18223453	18224946	+
77	AT1G31470	1	11262918	11264963	AT5G45275	5	18334405	18337380	+
78	AT1G03740	1	933512	937043	AT5G44290	5	17840424	17843751	-
78	AT1G03770	1	944595	947482	AT5G44280	5	17835849	17839254	-
78	AT1G03790	1	954525	956097	AT5G44260	5	17829626	17831225	-
78	AT1G03800	1	957261	957998	AT5G44210	5	17806472	17807534	-
78	AT1G03840	1	967503	970130	AT5G44160	5	17772941	17775686	-
78	AT1G03860	1	979308	981885	AT5G44140	5	17762491	17763629	-
78	AT1G03870	1	982506	983540	AT5G44130	5	17761090	17762003	-
78	AT1G03880	1	985751	988146	AT5G44120	5	17756264	17758288	-
78	AT1G03905	1	993400	995784	AT5G44110	5	17754064	17755742	-
78	AT1G03930	1	1004769	1008370	AT5G44100	5	17749118	17752716	-
78	AT1G03960	1	1013715	1017929	AT5G44090	5	17742766	17748396	-
78	AT1G03970	1	1018100	1019247	AT5G44080	5	17738652	17739873	-
78	AT1G03980	1	1018570	1022108	AT5G44070	5	17734738	17737859	-
78	AT1G04000	1	1028106	1029119	AT5G44060	5	17731005	17731905	-
78	AT1G04030	1	1040518	1042892	AT5G44040	5	17719659	17721580	-
78	AT1G04040	1	1042362	1043864	AT5G44020	5	17712409	17714336	-
78	AT1G04050	1	1045598	1049297	AT5G43990	5	17697858	17702005	-
78	AT1G04070	1	1050553	1051186	AT5G43970	5	17692807	17693403	-
78	AT1G04090	1	1057151	1059419	AT5G43950	5	17686500	17688668	-
78	AT1G04140	1	1075543	1080630	AT5G43930	5	17676823	17681100	-
78	AT1G04160	1	1086495	1096146	AT5G43900	5	17656911	17666826	-
78	AT1G04180	1	1104623	1105988	AT5G43890	5	17648857	17650131	-
78	AT1G04220	1	1119699	1122526	AT5G43760	5	17585763	17588597	-
78	AT1G04230	1	1125518	1128168	AT5G43720	5	17557166	17559354	-
78	AT1G04240	1	1128188	1129551	AT5G43700	5	17550233	17551581	-
78	AT1G04270	1	1141604	1143053	AT5G43640	5	17531302	17532370	-
78	AT1G04300	1	1148659	1154652	AT5G43560	5	17500410	17505646	-
78	AT1G04340	1	1163097	1164851	AT5G43460	5	17459873	17461751	-
78	AT1G04350	1	1165165	1166768	AT5G43440	5	17455233	17456657	-
78	AT1G04360	1	1167457	1168878	AT5G43420	5	17451669	17453124	-
78	AT1G04370	1	1175177	1175578	AT5G43410	5	17435010	17435405	-
78	AT1G04410	1	1189078	1191412	AT5G43330	5	17390433	17392645	-
78	AT1G04440	1	1202255	1205803	AT5G43320	5	17385867	17389527	-
79	AT1G45000	1	17009141	17011886	AT5G43010	5	17248290	17251134	-
79	AT1G45050	1	17031281	17033198	AT5G42990	5	17243987	17245988	-
79	AT1G45145	1	17074942	17076330	AT5G42980	5	17242607	17243912	-
79	AT1G45170	1	17095980	17098006	AT5G42960	5	17235092	17236679	-
79	AT1G45180	1	17098491	17101896	AT5G42940	5	17216330	17220490	-
79	AT1G45201	1	17123821	17128651	AT5G42930	5	17210546	17214220	-
79	AT1G45249	1	17165127	17167866	AT5G42910	5	17203742	17205380	-
79	AT1G45545	1	17180615	17182957	AT5G42880	5	17191758	17194091	-
79	AT1G45688	1	17191390	17193158	AT5G42860	5	17183066	17184916	-
79	AT1G47250	1	17319177	17321074	AT5G42790	5	17159044	17161070	-
80	AT1G69600	1	26182470	26183198	AT5G15210	5	4937579	4939007	-
80	AT1G69780	1	26258939	26260751	AT5G15150	5	4913699	4915892	-
80	AT1G69810	1	26277238	26279118	AT5G15130	5	4904347	4907094	-
80	AT1G70030	1	26378794	26380379	AT5G15020	5	4859127	4866031	-
80	AT1G70280	1	26465893	26468706	AT5G14890	5	4817949	4821808	-
80	AT1G70300	1	26477880	26481630	AT5G14880	5	4814244	4817667	-
80	AT1G70410	1	26533926	26538333	AT5G14740	5	4757972	4762615	-
80	AT1G70430	1	26545589	26548756	AT5G14720	5	4747860	4753592	-
80	AT1G70490	1	26563924	26565810	AT5G14670	5	4729319	4730495	-
81	AT1G55200	1	20589129	20592063	AT5G56790	5	22967939	22971536	-
81	AT1G55360	1	20666222	20668726	AT5G56530	5	22889226	22891769	-
81	AT1G55490	1	20715563	20719196	AT5G56500	5	22873791	22877402	-
81	AT1G55530	1	20729182	20731283	AT5G56340	5	22817560	22819657	-
81	AT1G55600	1	20774046	20776294	AT5G56270	5	22779693	22783268	-
81	AT1G55640	1	20793771	20794334	AT5G56230	5	22758768	22759371	-
81	AT1G55680	1	20804592	20807940	AT5G56190	5	22742005	22745177	-
81	AT1G55690	1	20808261	20812840	AT5G56160	5	22731974	22735590	-
81	AT1G55790	1	20853792	20856122	AT5G56060	5	22704008	22704892	-
82	AT1G77100	1	28965772	28967066	AT5G64110	5	25654345	25656030	-
82	AT1G77260	1	29023772	29026957	AT5G64030	5	25624037	25628559	-
82	AT1G77280	1	29031468	29035882	AT5G63940	5	25588075	25591458	-
82	AT1G77380	1	29074888	29077390	AT5G63850	5	25551055	25553520	-
82	AT1G77410	1	29088697	29093264	AT5G63800	5	25530055	25535849	-
82	AT1G77450	1	29099954	29101261	AT5G63790	5	25526509	25528013	-
