Block	Chr1	Start1	End1	Chr2	Start2	End2	Orientation	N	Score
15	1	23176930	23303162	1	23412730	23509053	-	6	273.0
74	1	24574344	25185939	5	14836661	15483250	+	31	1393.0
75	1	23482193	23958322	5	16468447	16814749	+	28	1276.0
76	1	2251131	2432034	5	23775966	24194909	+	13	533.0
77	1	10985078	11264963	5	18015810	18337380	+	7	279.0
78	1	933512	1205803	5	17385867	17843751	-	33	1558.0
79	1	17009141	17321074	5	17159044	17251134	-	10	455.0
80	1	26182470	26565810	5	4729319	4939007	-	9	368.0
81	1	20589129	20856122	5	22704008	22971536	-	9	367.0
82	1	28965772	29101261	5	25526509	25656030	-	6	260.0
