Genome	Assembly	Chr	Start	End	Haplotype	Homolog	Label	Accession	Original
Ptr_A	GWHERCL00000000	01	0	49547510	A	01	01A	GWHERCL00000001	Chr01A
Ptr_A	GWHERCL00000000	02	0	25562137	A	02	02A	GWHERCL00000002	Chr02A
Ptr_A	GWHERCL00000000	03	0	21843210	A	03	03A	GWHERCL00000003	Chr03A
Ptr_A	GWHERCL00000000	04	0	24107895	A	04	04A	GWHERCL00000004	Chr04A
Ptr_A	GWHERCL00000000	05	0	25688115	A	05	05A	GWHERCL00000005	Chr05A
Ptr_A	GWHERCL00000000	06	0	27190275	A	06	06A	GWHERCL00000006	Chr06A
Ptr_A	GWHERCL00000000	07	0	16289325	A	07	07A	GWHERCL00000007	Chr07A
Ptr_A	GWHERCL00000000	08	0	20614000	A	08	08A	GWHERCL00000008	Chr08A
Ptr_A	GWHERCL00000000	09	0	13587389	A	09	09A	GWHERCL00000009	Chr09A
Ptr_A	GWHERCL00000000	10	0	22490247	A	10	10A	GWHERCL00000010	Chr10A
Ptr_A	GWHERCL00000000	11	0	19083534	A	11	11A	GWHERCL00000011	Chr11A
Ptr_A	GWHERCL00000000	12	0	15184110	A	12	12A	GWHERCL00000012	Chr12A
Ptr_A	GWHERCL00000000	13	0	16661734	A	13	13A	GWHERCL00000013	Chr13A
Ptr_A	GWHERCL00000000	14	0	16552073	A	14	14A	GWHERCL00000014	Chr14A
Ptr_A	GWHERCL00000000	15	0	15266196	A	15	15A	GWHERCL00000015	Chr15A
Ptr_A	GWHERCL00000000	16	0	14637644	A	16	16A	GWHERCL00000016	Chr16A
Ptr_A	GWHERCL00000000	17	0	15051876	A	17	17A	GWHERCL00000017	Chr17A
Ptr_A	GWHERCL00000000	18	0	16104760	A	18	18A	GWHERCL00000018	Chr18A
Ptr_A	GWHERCL00000000	19	0	16299936	A	19	19A	GWHERCL00000019	Chr19A
Ptr_B	GWHERCM00000000	01	0	47714484	B	01	01B	GWHERCM00000001	Chr01B
Ptr_B	GWHERCM00000000	02	0	25416421	B	02	02B	GWHERCM00000002	Chr02B
Ptr_B	GWHERCM00000000	03	0	22155677	B	03	03B	GWHERCM00000003	Chr03B
Ptr_B	GWHERCM00000000	04	0	24263511	B	04	04B	GWHERCM00000004	Chr04B
Ptr_B	GWHERCM00000000	05	0	25165100	B	05	05B	GWHERCM00000005	Chr05B
Ptr_B	GWHERCM00000000	06	0	27420080	B	06	06B	GWHERCM00000006	Chr06B
Ptr_B	GWHERCM00000000	07	0	16131465	B	07	07B	GWHERCM00000007	Chr07B
Ptr_B	GWHERCM00000000	08	0	20486000	B	08	08B	GWHERCM00000008	Chr08B
Ptr_B	GWHERCM00000000	09	0	13639446	B	09	09B	GWHERCM00000009	Chr09B
Ptr_B	GWHERCM00000000	10	0	23045981	B	10	10B	GWHERCM00000010	Chr10B
Ptr_B	GWHERCM00000000	11	0	19240171	B	11	11B	GWHERCM00000011	Chr11B
Ptr_B	GWHERCM00000000	12	0	15469631	B	12	12B	GWHERCM00000012	Chr12B
Ptr_B	GWHERCM00000000	13	0	17032410	B	13	13B	GWHERCM00000013	Chr13B
Ptr_B	GWHERCM00000000	14	0	20895980	B	14	14B	GWHERCM00000014	Chr14B
Ptr_B	GWHERCM00000000	15	0	15251528	B	15	15B	GWHERCM00000015	Chr15B
Ptr_B	GWHERCM00000000	16	0	14643818	B	16	16B	GWHERCM00000016	Chr16B
Ptr_B	GWHERCM00000000	17	0	16590348	B	17	17B	GWHERCM00000017	Chr17B
Ptr_B	GWHERCM00000000	18	0	16073006	B	18	18B	GWHERCM00000018	Chr18B
Ptr_B	GWHERCM00000000	19	0	16795639	B	19	19B	GWHERCM00000019	Chr19B
