Genome	Assembly	Chr	Start	End	Subgenome	Homolog	Label	Accession
A	CSv2.1	1	0	598660471	A	1	1A	NC_057794.1
B	CSv2.1	1	0	700547350	B	1	1B	NC_057795.1
D	CSv2.1	1	0	498638509	D	1	1D	NC_057796.1
A	CSv2.1	2	0	787782082	A	2	2A	NC_057797.1
B	CSv2.1	2	0	812755788	B	2	2B	NC_057798.1
D	CSv2.1	2	0	656544405	D	2	2D	NC_057799.1
A	CSv2.1	3	0	754128162	A	3	3A	NC_057800.1
B	CSv2.1	3	0	851934019	B	3	3B	NC_057801.1
D	CSv2.1	3	0	619618552	D	3	3D	NC_057802.1
A	CSv2.1	4	0	754227511	A	4	4A	NC_057803.1
B	CSv2.1	4	0	673810255	B	4	4B	NC_057804.1
D	CSv2.1	4	0	518332611	D	4	4D	NC_057805.1
A	CSv2.1	5	0	713360525	A	5	5A	NC_057806.1
B	CSv2.1	5	0	714697677	B	5	5B	NC_057807.1
D	CSv2.1	5	0	569951140	D	5	5D	NC_057808.1
A	CSv2.1	6	0	622669697	A	6	6A	NC_057809.1
B	CSv2.1	6	0	731188232	B	6	6B	NC_057810.1
D	CSv2.1	6	0	495380293	D	6	6D	NC_057811.1
A	CSv2.1	7	0	744491536	A	7	7A	NC_057812.1
B	CSv2.1	7	0	764072961	B	7	7B	NC_057813.1
D	CSv2.1	7	0	642921167	D	7	7D	NC_057814.1
